tracknumber,speed
3.0,97.96093576572464
6.0,100.86787474520806
17.0,82.4372236400187
24.0,91.2858272897616
29.0,106.10589215393713
